1791584662.661	["π ⠴ wa  ⌘1","π: wb  ⌘2"]
1791584663.044	["π ⠇ wa  ⌘1","π: wb  ⌘2"]
1791584663.338	["π ⠹ wa  ⌘1","π: wb  ⌘2"]
1791584663.642	["π ⠦ wa  ⌘1","π: wb  ⌘2"]
1791584663.933	["π ⠏ wa  ⌘1","π: wb  ⌘2"]
1791584664.223	["π ⠸ done  ⌘1","π: wb  ⌘2"]
1791584664.521	["π ⠦ done  ⌘1","π: wb  ⌘2"]
1791584664.778	["π ⠋ done  ⌘1","π: wb  ⌘2"]
1791584665.082	["π ⠸ done  ⌘1","π: wb  ⌘2"]
1791584665.375	["π ⠧ done  ⌘1","π: wb  ⌘2"]
1791584665.647	["π ⠋ done  ⌘1","π: wb  ⌘2"]
1791584665.925	["π ⠼ done  ⌘1","π: done  ⌘2"]
1791584666.105	["π ⠦ done  ⌘1","π: done  ⌘2"]
1791584666.343	["π ⠏ done  ⌘1","π: done  ⌘2"]
1791584666.564	["π ⠙ done  ⌘1","π: done  ⌘2"]
1791584666.784	["π ⠼ done  ⌘1","π: done  ⌘2"]
1791584667.020	["π ⠧ done  ⌘1","π: done  ⌘2"]
1791584667.262	["π ⠋ done  ⌘1","π: done  ⌘2"]
1791584667.444	["π ⠹ done  ⌘1","π: done  ⌘2"]
1791584667.642	["π ⠴ done  ⌘1","π: done  ⌘2"]
1791584667.872	["π ⠇ done  ⌘1","π: done  ⌘2"]
1791584668.070	["π ⠋ done  ⌘1","π: done  ⌘2"]
1791584668.257	["π ⠹ done  ⌘1","π: done  ⌘2"]
1791584668.461	["π ⠴ done  ⌘1","π: done  ⌘2"]
1791584668.658	["π ⠧ done  ⌘1","π: done  ⌘2"]
1791584668.854	["π ⠋ done  ⌘1","π: done  ⌘2"]
1791584669.039	["π ⠹ done  ⌘1","π: done  ⌘2"]
1791584669.263	["π ⠴ done  ⌘1","π: done  ⌘2"]
1791584669.463	["π ⠧ done  ⌘1","π: done  ⌘2"]
1791584669.669	["π ⠋ done  ⌘1","π: done  ⌘2"]
1791584669.846	["π ⠹ done  ⌘1","π: done  ⌘2"]
1791584670.091	["π ⠴ done  ⌘1","π: done  ⌘2"]
1791584670.273	["π ⠧ done  ⌘1","π: done  ⌘2"]
1791584670.470	["π ⠋ done  ⌘1","π: done  ⌘2"]
1791584670.689	["π ⠹ done  ⌘1","π: done  ⌘2"]
1791584670.911	["π ⠴ done  ⌘1","π: done  ⌘2"]
1791584671.091	["π ⠧ done  ⌘1","π: done  ⌘2"]
1791584671.296	["π ⠋ done  ⌘1","π: done  ⌘2"]
1791584671.475	["π ⠹ done  ⌘1","π: done  ⌘2"]
1791584671.678	["π ⠴ done  ⌘1","π: done  ⌘2"]
1791584671.905	["π ⠧ done  ⌘1","π: done  ⌘2"]
1791584672.095	["π ⠋ done  ⌘1","π: done  ⌘2"]
1791584672.341	["π ⠸ done  ⌘1","π: done  ⌘2"]
1791584672.509	["π ⠴ done  ⌘1","π: done  ⌘2"]
1791584672.751	["π ⠇ done  ⌘1","π: done  ⌘2"]
1791584672.955	["π ⠋ done  ⌘1","π: done  ⌘2"]
1791584673.164	["π ⠸ done  ⌘1","π: done  ⌘2"]
1791584673.362	["π ⠴ done  ⌘1","π: done  ⌘2"]
1791584673.528	["π ⠧ done  ⌘1","π: done  ⌘2"]
1791584673.687	["π ⠏ done  ⌘1","π: done  ⌘2"]
1791584673.873	["π ⠙ done  ⌘1","π: done  ⌘2"]
1791584674.117	["π ⠴ done  ⌘1","π: done  ⌘2"]
1791584674.293	["π ⠧ done  ⌘1","π: done  ⌘2"]
1791584674.477	["π ⠏ done  ⌘1","π: done  ⌘2"]
1791584674.687	["π > done  ⌘1","π: done  ⌘2"]
1791584674.934	["π > done  ⌘1","π: done  ⌘2"]
1791584675.171	["π > done  ⌘1","π: done  ⌘2"]
1791584675.396	["π > done  ⌘1","π: done  ⌘2"]
1791584675.579	["π > done  ⌘1","π: done  ⌘2"]
1791584675.780	["π > done  ⌘1","π: done  ⌘2"]
1791584676.010	["π > done  ⌘1","π: done  ⌘2"]
1791584676.176	["π > done  ⌘1","π: done  ⌘2"]
1791584676.398	["π > done  ⌘1","π: done  ⌘2"]
1791584676.615	["π > done  ⌘1","π: done  ⌘2"]
1791584676.856	["π > done  ⌘1","π: done  ⌘2"]
1791584677.099	["π > done  ⌘1","π: done  ⌘2"]
1791584677.310	["π > done  ⌘1","π: done  ⌘2"]
1791584677.512	["π > done  ⌘1","π: done  ⌘2"]
1791584677.688	["π > done  ⌘1","π: done  ⌘2"]
1791584677.889	["π > done  ⌘1","π: done  ⌘2"]
1791584678.116	["π > done  ⌘1","π: done  ⌘2"]
1791584678.343	["π > done  ⌘1","π: done  ⌘2"]
1791584678.532	["π > done  ⌘1","π: done  ⌘2"]
1791584678.715	["π > done  ⌘1","π: done  ⌘2"]
1791584678.959	["π > done  ⌘1","π: done  ⌘2"]
1791584679.126	["π > done  ⌘1","π: done  ⌘2"]
1791584679.323	["π > done  ⌘1","π: done  ⌘2"]
1791584679.567	["π > done  ⌘1","π: done  ⌘2"]
1791584679.746	["π > done  ⌘1","π: done  ⌘2"]
1791584679.972	["π > done  ⌘1","π: done  ⌘2"]
1791584680.187	["π > done  ⌘1","π: done  ⌘2"]
1791584680.397	["π > done  ⌘1","π: done  ⌘2"]
1791584680.600	["π > done  ⌘1","π: done  ⌘2"]
1791584680.838	["π > done  ⌘1","π: done  ⌘2"]
1791584681.087	["π > done  ⌘1","π: done  ⌘2"]
1791584681.320	["π > done  ⌘1","π: done  ⌘2"]
1791584681.516	["π > done  ⌘1","π: done  ⌘2"]
1791584681.753	["π > done  ⌘1","π: done  ⌘2"]
1791584681.975	["π > done  ⌘1","π: done  ⌘2"]
1791584682.191	["π > done  ⌘1","π: done  ⌘2"]
1791584682.361	["π > done  ⌘1","π: done  ⌘2"]
1791584682.598	["π > done  ⌘1","π: done  ⌘2"]
1791584682.794	["π > done  ⌘1","π: done  ⌘2"]
1791584683.024	["π > done  ⌘1","π: done  ⌘2"]
1791584683.275	["π > done  ⌘1","π: done  ⌘2"]
1791584683.520	["π > done  ⌘1","π: done  ⌘2"]
1791584683.745	["π > done  ⌘1","π: done  ⌘2"]
1791584683.996	["π > done  ⌘1","π: done  ⌘2"]
1791584684.241	["π > done  ⌘1","π: done  ⌘2"]
1791584684.485	["π > done  ⌘1","π: done  ⌘2"]
1791584684.657	["π > done  ⌘1","π: done  ⌘2"]
1791584684.887	["π > done  ⌘1","π: done  ⌘2"]
1791584685.087	["π > done  ⌘1","π: done  ⌘2"]
1791584685.276	["π > done  ⌘1","π: done  ⌘2"]
1791584685.448	["π > done  ⌘1","π: done  ⌘2"]
1791584685.635	["π > done  ⌘1","π: done  ⌘2"]
1791584685.840	["π > done  ⌘1","π: done  ⌘2"]
1791584686.042	["π > done  ⌘1","π: done  ⌘2"]
1791584686.286	["π > done  ⌘1","π: done  ⌘2"]
1791584686.537	["π > done  ⌘1","π: done  ⌘2"]
1791584686.788	["π > done  ⌘1","π: done  ⌘2"]
1791584686.983	["π > done  ⌘1","π: done  ⌘2"]
1791584687.222	["π > done  ⌘1","π: done  ⌘2"]
1791584687.394	["π > done  ⌘1","π: done  ⌘2"]
1791584687.572	["π > done  ⌘1","π: done  ⌘2"]
1791584687.824	["π > done  ⌘1","π: done  ⌘2"]
1791584688.078	["π > done  ⌘1","π: done  ⌘2"]
1791584688.281	["π > done  ⌘1","π: done  ⌘2"]
1791584688.533	["π > done  ⌘1","π: done  ⌘2"]
1791584688.786	["π > done  ⌘1","π: done  ⌘2"]
1791584688.964	["π > done  ⌘1","π: done  ⌘2"]
1791584689.216	["π > done  ⌘1","π: done  ⌘2"]
1791584689.467	["π > done  ⌘1","π: done  ⌘2"]
1791584689.702	["π > done  ⌘1","π: done  ⌘2"]
1791584689.900	["π > done  ⌘1","π: done  ⌘2"]
1791584690.097	["π > done  ⌘1","π: done  ⌘2"]
1791584690.307	["π > done  ⌘1","π: done  ⌘2"]
1791584690.554	["π > done  ⌘1","π: done  ⌘2"]
1791584690.782	["π > done  ⌘1","π: done  ⌘2"]
1791584690.994	["π > done  ⌘1","π: done  ⌘2"]
1791584691.227	["π > done  ⌘1","π: done  ⌘2"]
1791584691.479	["π > done  ⌘1","π: done  ⌘2"]
1791584691.727	["π > done  ⌘1","π: done  ⌘2"]
1791584691.960	["π > done  ⌘1","π: done  ⌘2"]
1791584692.211	["π > done  ⌘1","π: done  ⌘2"]
1791584692.413	["π > done  ⌘1","π: done  ⌘2"]
1791584692.657	["π > done  ⌘1","π: done  ⌘2"]
1791584692.845	["π > done  ⌘1","π: done  ⌘2"]
1791584693.088	["π > done  ⌘1","π: done  ⌘2"]
1791584693.282	["π > done  ⌘1","π: done  ⌘2"]
1791584693.534	["π > done  ⌘1","π: done  ⌘2"]
1791584693.776	["π > done  ⌘1","π: done  ⌘2"]
1791584693.973	["π > done  ⌘1","π: done  ⌘2"]
1791584694.189	["π > done  ⌘1","π: done  ⌘2"]
1791584694.390	["π > done  ⌘1","π: done  ⌘2"]
1791584694.582	["π > done  ⌘1","π: done  ⌘2"]
1791584694.831	["π > done  ⌘1","π: done  ⌘2"]
1791584695.084	["π > done  ⌘1","π: done  ⌘2"]
1791584695.336	["π > done  ⌘1","π: done  ⌘2"]
1791584695.589	["π > done  ⌘1","π: done  ⌘2"]
1791584695.818	["π > done  ⌘1","π: done  ⌘2"]
1791584696.068	["π > done  ⌘1","π: done  ⌘2"]
1791584696.321	["π > done  ⌘1","π: done  ⌘2"]
1791584696.574	["π > done  ⌘1","π: done  ⌘2"]
1791584696.745	["π > done  ⌘1","π: done  ⌘2"]
1791584696.993	["π > done  ⌘1","π: done  ⌘2"]
1791584697.234	["π > done  ⌘1","π: done  ⌘2"]
1791584697.488	["π > done  ⌘1","π: done  ⌘2"]
1791584697.742	["π > done  ⌘1","π: done  ⌘2"]
1791584697.995	["π > done  ⌘1","π: done  ⌘2"]
1791584698.227	["π > done  ⌘1","π: done  ⌘2"]
1791584698.478	["π > done  ⌘1","π: done  ⌘2"]
1791584698.652	["π > done  ⌘1","π: done  ⌘2"]
1791584698.837	["π > done  ⌘1","π: done  ⌘2"]
1791584699.368	["π > done  ⌘1","π: done  ⌘2"]
1791584699.816	["π > done  ⌘1","π: done  ⌘2"]
1791584700.066	["π > done  ⌘1","π: done  ⌘2"]
1791584700.313	["π > done  ⌘1","π: done  ⌘2"]
1791584700.503	["π > done  ⌘1","π: done  ⌘2"]
1791584700.741	["π > done  ⌘1","π: done  ⌘2"]
1791584700.926	["π > done  ⌘1","π: done  ⌘2"]
1791584701.128	["π > done  ⌘1","π: done  ⌘2"]
1791584701.358	["π > done  ⌘1","π: done  ⌘2"]
1791584701.536	["π > done  ⌘1","π: done  ⌘2"]
1791584701.776	["π > done  ⌘1","π: done  ⌘2"]
1791584701.968	["π > done  ⌘1","π: done  ⌘2"]
1791584702.196	["π > done  ⌘1","π: done  ⌘2"]
1791584702.374	["π > done  ⌘1","π: done  ⌘2"]
1791584702.565	["π > done  ⌘1","π: done  ⌘2"]
1791584702.763	["π > done  ⌘1","π: done  ⌘2"]
1791584703.004	["π > done  ⌘1","π: done  ⌘2"]
1791584703.235	["π > done  ⌘1","π: done  ⌘2"]
1791584703.488	["π > done  ⌘1","π: done  ⌘2"]
1791584703.678	["π > done  ⌘1","π: done  ⌘2"]
1791584703.916	["π > done  ⌘1","π: done  ⌘2"]
1791584704.133	["π > done  ⌘1","π: done  ⌘2"]
1791584704.339	["π > done  ⌘1","π: done  ⌘2"]
1791584704.511	["π > done  ⌘1","π: done  ⌘2"]
1791584704.675	["π > done  ⌘1","π: done  ⌘2"]
1791584704.904	["π > done  ⌘1","π: done  ⌘2"]
1791584705.107	["π > done  ⌘1","π: done  ⌘2"]
1791584705.339	["π > done  ⌘1","π: done  ⌘2"]
1791584705.549	["π > done  ⌘1","π: done  ⌘2"]
1791584705.791	["π > done  ⌘1","π: done  ⌘2"]
1791584706.006	["π > done  ⌘1","π: done  ⌘2"]
1791584706.254	["π > done  ⌘1","π: done  ⌘2"]
1791584706.424	["π > done  ⌘1","π: done  ⌘2"]
1791584706.624	["π > done  ⌘1","π: done  ⌘2"]
1791584706.813	["π > done  ⌘1","π: done  ⌘2"]
1791584706.976	["π > done  ⌘1","π: done  ⌘2"]
1791584707.192	["π > done  ⌘1","π: done  ⌘2"]
1791584707.438	["π > done  ⌘1","π: done  ⌘2"]
1791584707.678	["π > done  ⌘1","π: done  ⌘2"]
1791584707.905	["π > done  ⌘1","π: done  ⌘2"]
1791584708.133	["π > done  ⌘1","π: done  ⌘2"]
1791584708.314	["π > done  ⌘1","π: done  ⌘2"]
1791584708.514	["π > done  ⌘1","π: done  ⌘2"]
1791584708.706	["π > done  ⌘1","π: done  ⌘2"]
1791584708.943	["π > done  ⌘1","π: done  ⌘2"]
1791584709.186	["π > done  ⌘1","π: done  ⌘2"]
1791584709.366	["π > done  ⌘1","π: done  ⌘2"]
1791584709.617	["π > done  ⌘1","π: done  ⌘2"]
1791584709.855	["π > done  ⌘1","π: done  ⌘2"]
1791584710.105	["π > done  ⌘1","π: done  ⌘2"]
1791584710.320	["π > done  ⌘1","π: done  ⌘2"]
1791584710.574	["π > done  ⌘1","π: done  ⌘2"]
1791584710.828	["π > done  ⌘1","π: done  ⌘2"]
1791584711.077	["π > done  ⌘1","π: done  ⌘2"]
1791584711.320	["π > done  ⌘1","π: done  ⌘2"]
1791584711.572	["π > done  ⌘1","π: done  ⌘2"]
1791584711.754	["π > done  ⌘1","π: done  ⌘2"]
1791584711.966	["π > done  ⌘1","π: done  ⌘2"]
1791584712.217	["π > done  ⌘1","π: done  ⌘2"]
1791584712.463	["π > done  ⌘1","π: done  ⌘2"]
1791584712.692	["π > done  ⌘1","π: done  ⌘2"]
1791584712.942	["π > done  ⌘1","π: done  ⌘2"]
1791584713.145	["π > done  ⌘1","π: done  ⌘2"]
1791584713.378	["π > done  ⌘1","π: done  ⌘2"]
1791584713.632	["π > done  ⌘1","π: done  ⌘2"]
1791584713.881	["π > done  ⌘1","π: done  ⌘2"]
1791584714.133	["π > done  ⌘1","π: done  ⌘2"]
1791584714.349	["π > done  ⌘1","π: done  ⌘2"]
1791584714.600	["π > done  ⌘1","π: done  ⌘2"]
1791584714.852	["π > done  ⌘1","π: done  ⌘2"]
1791584715.105	["π > done  ⌘1","π: done  ⌘2"]
1791584715.327	["π > done  ⌘1","π: done  ⌘2"]
1791584715.538	["π > done  ⌘1","π: done  ⌘2"]
1791584715.780	["π > done  ⌘1","π: done  ⌘2"]
1791584715.995	["π > done  ⌘1","π: done  ⌘2"]
1791584716.237	["π > done  ⌘1","π: done  ⌘2"]
1791584716.488	["π > done  ⌘1","π: done  ⌘2"]
1791584716.690	["π > done  ⌘1","π: done  ⌘2"]
1791584716.940	["π > done  ⌘1","π: done  ⌘2"]
1791584717.151	["π > done  ⌘1","π: done  ⌘2"]
1791584717.366	["π > done  ⌘1","π: done  ⌘2"]
1791584717.594	["π > done  ⌘1","π: done  ⌘2"]
1791584717.761	["π > done  ⌘1","π: done  ⌘2"]
1791584718.005	["π > done  ⌘1","π: done  ⌘2"]
1791584718.254	["π > done  ⌘1","π: done  ⌘2"]
1791584718.508	["π > done  ⌘1","π: done  ⌘2"]
1791584718.763	["π > done  ⌘1","π: done  ⌘2"]
1791584719.004	["π > done  ⌘1","π: done  ⌘2"]
1791584719.254	["π > done  ⌘1","π: done  ⌘2"]
1791584719.507	["π > done  ⌘1","π: done  ⌘2"]
1791584719.739	["π > done  ⌘1","π: done  ⌘2"]
1791584719.992	["π > done  ⌘1","π: done  ⌘2"]
1791584720.214	["π > done  ⌘1","π: done  ⌘2"]
1791584720.464	["π > done  ⌘1","π: done  ⌘2"]
1791584720.675	["π > done  ⌘1","π: done  ⌘2"]
1791584720.926	["π > done  ⌘1","π: done  ⌘2"]
1791584721.175	["π > done  ⌘1","π: done  ⌘2"]
1791584721.399	["π > done  ⌘1","π: done  ⌘2"]
1791584721.652	["π > done  ⌘1","π: done  ⌘2"]
1791584721.896	["π > done  ⌘1","π: done  ⌘2"]
1791584722.146	["π > done  ⌘1","π: done  ⌘2"]
1791584722.352	["π > done  ⌘1","π: done  ⌘2"]
1791584722.600	["π > done  ⌘1","π: done  ⌘2"]
1791584722.850	["π > done  ⌘1","π: done  ⌘2"]
1791584723.085	["π > done  ⌘1","π: done  ⌘2"]
1791584723.288	["π > done  ⌘1","π: done  ⌘2"]
1791584723.520	["π > done  ⌘1","π: done  ⌘2"]
1791584723.699	["π > done  ⌘1","π: done  ⌘2"]
1791584723.927	["π > done  ⌘1","π: done  ⌘2"]
1791584724.177	["π > done  ⌘1","π: done  ⌘2"]
1791584724.433	["π > done  ⌘1","π: done  ⌘2"]
1791584724.682	["π > done  ⌘1","π: done  ⌘2"]
1791584724.922	["π > done  ⌘1","π: done  ⌘2"]
1791584725.158	["π > done  ⌘1","π: done  ⌘2"]
1791584725.391	["π > done  ⌘1","π: done  ⌘2"]
1791584725.627	["π > done  ⌘1","π: done  ⌘2"]
1791584725.828	["π > done  ⌘1","π: done  ⌘2"]
1791584726.010	["π > done  ⌘1","π: done  ⌘2"]
1791584726.217	["π > done  ⌘1","π: done  ⌘2"]
1791584726.454	["π > done  ⌘1","π: done  ⌘2"]
1791584726.644	["π > done  ⌘1","π: done  ⌘2"]
1791584726.872	["π > done  ⌘1","π: done  ⌘2"]
1791584727.081	["π > done  ⌘1","π: done  ⌘2"]
1791584727.284	["π > done  ⌘1","π: done  ⌘2"]
1791584727.508	["π > done  ⌘1","π: done  ⌘2"]
1791584727.714	["π > done  ⌘1","π: done  ⌘2"]
1791584727.927	["π > done  ⌘1","π: done  ⌘2"]
1791584728.112	["π > done  ⌘1","π: done  ⌘2"]
1791584728.335	["π > done  ⌘1","π: done  ⌘2"]
1791584728.556	["π > done  ⌘1","π: done  ⌘2"]
1791584728.796	["π > done  ⌘1","π: done  ⌘2"]
1791584729.023	["π > done  ⌘1","π: done  ⌘2"]
1791584729.225	["π > done  ⌘1","π: done  ⌘2"]
1791584729.409	["π > done  ⌘1","π: done  ⌘2"]
1791584729.650	["π > done  ⌘1","π: done  ⌘2"]
1791584729.881	["π > done  ⌘1","π: done  ⌘2"]
